No,Hari / Tanggal,Petugas Piket KBM Pagi 1 (07.00-11.00),Petugas Piket KBM Pagi 2 (07.00-11.00),Petugas Piket KBM Pagi 3 (07.00-11.00),Koordinator Piket KBM Pagi (07.00-11.00),Petugas Piket KBM Siang 1 (11.00-15.00),Petugas Piket KBM Siang 2 (11.00-15.00),Petugas Piket KBM Siang 3 (11.00-15.00),Koordinator Piket KBM Siang (11.00-15.00),Piket Waka
1,"Selasa, 1 September 2026","Sulistyowati, SS","Wiwik Yuniarsih, S.Pd","Sri Kusumastuti, S.Pd","Lilik Suratmi, S.Pd","Kasmi, S.Pd., M.Pd","Siti Munawaroh, S.Kom.,M.Pd","Niken Dewi Hastika, S.Pd","Widodo, S.Pd","Niken Hari Pratiwi, S.Psi., M.Pd"
2,"Rabu, 2 September 2026","Tutut Sriatin, S.Pd","Rika Okta Maulida, S.Ds.","Mufatiroh, S.Ag","Elyana Frisca Monica, S.Pd","Siswanti Purwaningsih, S.T., M.Pd","Shinta Indyar Shanty Susanto, S.Kom","Dhuana Putri Puspitasary, S.Pd","Erwan Septiono,S.Pd","Hardini Indahing Budi, S.E., M.Pd"
3,"Kamis, 3 September 2026","Yuni Jiastuti, S.Pd","Yuli Ratnasari, S.Pd","Agus Pramono, S.Sn","Danang Anjar Hynwanto, S.Pd","Risqi Nur Imana, S.Tr.Par","Luluk Munfarida, S.Pd","Tuhu Eries Kudori, S.Sn","Istiana Suhartati, S.T","Hendro Suwigyo, ST"
4,"Jum'at, 4 September 2026","Arif Setyobudi, S.Pd","Sunarti, S.Pd","Isti Mufadah, S.Pd","Joko Priyanto, S.Kom",Dra. Hanik Pangestuti,"Andri Krisdianto, SE., M.Pd","Fitria Renyasari, S.Pd","Agung Yulianto, S.Pd","Fajar Luthfianto, S.Pd"
5,"Senin, 7 September 2026","Septiani, S.Pd.,M.Pd","Martiin, S.Pd","Winarsih, S.Pd, M.Pd","Titin Sukmasari, S.Pd., M.Pd","Nurul Azizah, S.Pd","Rifkotin Na'imah, S.Pd",Dra. Susakti Yuharini,"Lutfia Marsalina, S.Pd.I, M.Pd.","Setiyo Winarko, S.Pd"
6,"Selasa, 8 September 2026","Rindang Rejeki, S.Pd","Diana Hartanti, S.T., M.Pd","Veronica Damay Rulitasari, S.Pd","Ayu Puspitorini, ST","Umi Kulsum, S.Pd","Ruly Dwi Setyaningrum, S.Kom","Sri Rahayu, S.Pd","Agustina Mardika Rini, S.Pd.,M.Pd","Niken Hari Pratiwi, S.Psi.,M.Pd"
7,"Rabu, 9 September 2026",Dra. Anik Indriani,"Retno Widyastuti, S.Pd., M.Pd","Nur Eko Wahyuningsih, S.Pd","Sa'ad Wazis Hiedayat, S.Pd","Purwati,S.Pd","Ratih Dian Irawati, SE","Siti Maisaroh, S.Pd","Dyah Esti Rahayu, S.Pd","Hardini Indahing Budi, S.E., M.Pd."
8,"Kamis, 10 September 2026","Siti Umiharsih, S.Pd","Erna Rinawati, S.Pd","Astra Bella Flamboyan, S.Psi","Endang Ary Handayani, S.T., M.Pd","Ninik Sriwidayati, S.Pd.,M.Pd","Endik Kuswantoro, S.Kom.,M.T","Komariyah, S.Pd","Dian Mawarti, S.Pd","Hendro Suwignyo, ST"
9,"Jum'at, 11 September 2026","Yani, S.Pd.","Titik Samsistini, S.Pd","Pipit Ambarwati, S.Pd","Kurnila Putri Islamawati, S.Pd","Basuki Sarjono, S.Pd","Atih Wilupi, S.E, M.Pd","Nishfu Laili,S.Pd","Nur Nastutisari, S.ST.Par.","Fajar Luthfianto, S.Pd"
10,"Senin, 14 September 2026","Siti Khoiriyah, S.Pd","Peni Wulandari, S.Pd","Badrus Sulaiman, S.Pd.","Dwi Rini Manfaati, S.Pd","Elysa Yuli Nur'aini, S.Si","Dwi Nova Setyandari, S.Pd","Mas'an Widodo, S.Pd. M.T","Dwi Kuswanto, S.Pd","Setiyo Winarko, S.Pd"
11,"Selasa, 15 September 2026","Sulistyowati, SS","Wiwik Yuniarsih, S.Pd","Sri Kusumastuti, S.Pd","Lilik Suratmi, S.Pd","Kasmi, S.Pd., M.Pd","Siti Munawaroh, S.Kom.,M.Pd","Niken Dewi Hastika, S.Pd","Widodo, S.Pd","Niken Hari Pratiwi, S.Psi., M.Pd"
12,"Rabu, 16 September 2026","Tutut Sriatin, S.Pd","Rika Okta Maulida, S.Ds.","Mufatiroh, S.Ag","Elyana Frisca Monica, S.Pd","Siswanti Purwaningsih, S.T., M.Pd","Shinta Indyar Shanty Susanto, S.Kom","Dhuana Putri Puspitasary, S.Pd","Erwan Septiono,S.Pd","Hardini Indahing Budi, S.E., M.Pd"
13,"Kamis, 17 September 2026","Yuni Jiastuti, S.Pd","Yuli Ratnasari, S.Pd","Agus Pramono, S.Sn","Danang Anjar Hynwanto, S.Pd","Risqi Nur Imana, S.Tr.Par","Luluk Munfarida, S.Pd","Tuhu Eries Kudori, S.Sn","Istiana Suhartati, S.T","Hendro Suwigyo, ST"
14,"Jum'at, 18 September 2026","Arif Setyobudi, S.Pd","Sunarti, S.Pd","Isti Mufadah, S.Pd","Joko Priyanto, S.Kom",Dra. Hanik Pangestuti,"Andri Krisdianto, SE., M.Pd","Fitria Renyasari, S.Pd","Agung Yulianto, S.Pd","Fajar Luthfianto, S.Pd"
15,"Senin, 21 September 2026","Septiani, S.Pd.,M.Pd","Martiin, S.Pd","Winarsih, S.Pd, M.Pd","Titin Sukmasari, S.Pd., M.Pd","Nurul Azizah, S.Pd","Rifkotin Na'imah, S.Pd",Dra. Susakti Yuharini,"Lutfia Marsalina, S.Pd.I, M.Pd.","Setiyo Winarko, S.Pd"
16,"Selasa, 22 September 2026","Rindang Rejeki, S.Pd","Diana Hartanti, S.T., M.Pd","Veronica Damay Rulitasari, S.Pd","Ayu Puspitorini, ST","Umi Kulsum, S.Pd","Ruly Dwi Setyaningrum, S.Kom","Sri Rahayu, S.Pd","Agustina Mardika Rini, S.Pd.,M.Pd","Niken Hari Pratiwi, S.Psi.,M.Pd"
17,"Rabu, 23 September 2026",Dra. Anik Indriani,"Retno Widyastuti, S.Pd., M.Pd","Nur Eko Wahyuningsih, S.Pd","Sa'ad Wazis Hiedayat, S.Pd","Purwati,S.Pd","Ratih Dian Irawati, SE","Siti Maisaroh, S.Pd","Dyah Esti Rahayu, S.Pd","Hardini Indahing Budi, S.E., M.Pd."
18,"Kamis, 24 September 2026","Siti Umiharsih, S.Pd","Erna Rinawati, S.Pd","Astra Bella Flamboyan, S.Psi","Endang Ary Handayani, S.T., M.Pd","Ninik Sriwidayati, S.Pd.,M.Pd","Endik Kuswantoro, S.Kom.,M.T","Komariyah, S.Pd","Dian Mawarti, S.Pd","Hendro Suwignyo, ST"
19,"Jum'at, 25 September 2026","Yani, S.Pd.","Titik Samsistini, S.Pd","Pipit Ambarwati, S.Pd","Kurnila Putri Islamawati, S.Pd","Basuki Sarjono, S.Pd","Atih Wilupi, S.E, M.Pd","Nishfu Laili,S.Pd","Nur Nastutisari, S.ST.Par.","Fajar Luthfianto, S.Pd"
20,"Senin, 28 September 2026","Siti Khoiriyah, S.Pd","Peni Wulandari, S.Pd","Badrus Sulaiman, S.Pd.","Dwi Rini Manfaati, S.Pd","Elysa Yuli Nur'aini, S.Si","Dwi Nova Setyandari, S.Pd","Mas'an Widodo, S.Pd. M.T","Dwi Kuswanto, S.Pd","Setiyo Winarko, S.Pd"
21,"Selasa, 29 September 2026","Sulistyowati, SS","Wiwik Yuniarsih, S.Pd","Sri Kusumastuti, S.Pd","Lilik Suratmi, S.Pd","Kasmi, S.Pd., M.Pd","Siti Munawaroh, S.Kom.,M.Pd","Niken Dewi Hastika, S.Pd","Widodo, S.Pd","Niken Hari Pratiwi, S.Psi., M.Pd"
22,"Rabu, 30 September 2026","Tutut Sriatin, S.Pd","Rika Okta Maulida, S.Ds.","Mufatiroh, S.Ag","Elyana Frisca Monica, S.Pd","Siswanti Purwaningsih, S.T., M.Pd","Shinta Indyar Shanty Susanto, S.Kom","Dhuana Putri Puspitasary, S.Pd","Erwan Septiono,S.Pd","Hardini Indahing Budi, S.E., M.Pd"
